"매체 보고서(2026.10.01.~2026.10.07.),2605188"
일별,캠페인유형,캠페인,광고그룹,PC/모바일 매체,검색/콘텐츠 매체,검색 유형,키워드,노출수,클릭수,클릭률(%),평균 CPC,총비용,평균노출순위,총 전환수,총 전환율(%)
2026.10.02.,파워링크,파워링크,세탁기_파워링크_구독_메인키워드,PC,검색,일치,AI콤보구독,2,0,0,0,0,3,0,0
2026.10.02.,파워링크,파워링크,세탁기_파워링크_구독_메인키워드,PC,검색,일치,AI콤보렌탈,3,1,33.33,1969,1969,2.3,0,0
2026.10.01.,파워링크,파워링크,세탁기_파워링크_구독_메인키워드,PC,검색,일치,건조기구독,1,0,0,0,0,7,0,0
2026.10.02.,파워링크,파워링크,세탁기_파워링크_구독_메인키워드,PC,검색,일치,건조기구독,3,0,0,0,0,4.3,0,0
2026.10.03.,파워링크,파워링크,세탁기_파워링크_구독_메인키워드,PC,검색,일치,건조기구독,3,0,0,0,0,4.3,0,0
2026.10.04.,파워링크,파워링크,세탁기_파워링크_구독_메인키워드,PC,검색,일치,건조기구독,2,0,0,0,0,3.5,0,0
2026.10.05.,파워링크,파워링크,세탁기_파워링크_구독_메인키워드,PC,검색,일치,건조기구독,4,0,0,0,0,4.5,0,0
2026.10.06.,파워링크,파워링크,세탁기_파워링크_구독_메인키워드,PC,검색,일치,건조기구독,2,0,0,0,0,6.5,0,0
2026.10.07.,파워링크,파워링크,세탁기_파워링크_구독_메인키워드,PC,검색,일치,건조기구독,2,0,0,0,0,7,0,0
2026.10.01.,파워링크,파워링크,세탁기_파워링크_구독_메인키워드,PC,검색,일치,건조기렌탈,2,0,0,0,0,4.5,0,0
2026.10.02.,파워링크,파워링크,세탁기_파워링크_구독_메인키워드,PC,검색,일치,건조기렌탈,5,0,0,0,0,8,0,0
2026.10.03.,파워링크,파워링크,세탁기_파워링크_구독_메인키워드,PC,검색,일치,건조기렌탈,4,0,0,0,0,6.3,0,0
2026.10.04.,파워링크,파워링크,세탁기_파워링크_구독_메인키워드,PC,검색,일치,건조기렌탈,4,0,0,0,0,4,0,0
2026.10.05.,파워링크,파워링크,세탁기_파워링크_구독_메인키워드,PC,검색,일치,건조기렌탈,10,0,0,0,0,7.1,0,0
2026.10.06.,파워링크,파워링크,세탁기_파워링크_구독_메인키워드,PC,검색,일치,건조기렌탈,7,0,0,0,0,6.3,0,0
2026.10.07.,파워링크,파워링크,세탁기_파워링크_구독_메인키워드,PC,검색,일치,건조기렌탈,8,0,0,0,0,7.4,0,0
2026.10.01.,파워링크,파워링크,세탁기_파워링크_구독_메인키워드,PC,검색,일치,드럼세탁기렌탈,1,0,0,0,0,7,0,0
2026.10.04.,파워링크,파워링크,세탁기_파워링크_구독_메인키워드,PC,검색,일치,드럼세탁기렌탈,1,0,0,0,0,9,0,0
2026.10.06.,파워링크,파워링크,세탁기_파워링크_구독_메인키워드,PC,검색,일치,드럼세탁기렌탈,1,0,0,0,0,6,0,0
2026.10.07.,파워링크,파워링크,세탁기_파워링크_구독_메인키워드,PC,검색,일치,드럼세탁기렌탈,6,0,0,0,0,6.5,0,0
2026.10.01.,파워링크,파워링크,세탁기_파워링크_구독_메인키워드,PC,검색,일치,세탁건조기구독,1,0,0,0,0,2,0,0
2026.10.02.,파워링크,파워링크,세탁기_파워링크_구독_메인키워드,PC,검색,일치,세탁건조기구독,2,0,0,0,0,1.5,0,0
2026.10.03.,파워링크,파워링크,세탁기_파워링크_구독_메인키워드,PC,검색,일치,세탁건조기구독,2,0,0,0,0,2,0,0
2026.10.04.,파워링크,파워링크,세탁기_파워링크_구독_메인키워드,PC,검색,일치,세탁건조기구독,2,0,0,0,0,1.5,0,0
2026.10.05.,파워링크,파워링크,세탁기_파워링크_구독_메인키워드,PC,검색,일치,세탁건조기구독,3,0,0,0,0,1.7,0,0
2026.10.06.,파워링크,파워링크,세탁기_파워링크_구독_메인키워드,PC,검색,일치,세탁건조기구독,2,0,0,0,0,2.5,0,0
2026.10.07.,파워링크,파워링크,세탁기_파워링크_구독_메인키워드,PC,검색,일치,세탁건조기구독,2,0,0,0,0,1,0,0
2026.10.01.,파워링크,파워링크,세탁기_파워링크_구독_메인키워드,PC,검색,일치,세탁건조기렌탈,1,0,0,0,0,7,0,0
2026.10.02.,파워링크,파워링크,세탁기_파워링크_구독_메인키워드,PC,검색,일치,세탁건조기렌탈,4,0,0,0,0,6,0,0
2026.10.03.,파워링크,파워링크,세탁기_파워링크_구독_메인키워드,PC,검색,일치,세탁건조기렌탈,4,0,0,0,0,4.8,0,0
2026.10.04.,파워링크,파워링크,세탁기_파워링크_구독_메인키워드,PC,검색,일치,세탁건조기렌탈,6,0,0,0,0,4,0,0
2026.10.05.,파워링크,파워링크,세탁기_파워링크_구독_메인키워드,PC,검색,일치,세탁건조기렌탈,1,0,0,0,0,4,0,0
2026.10.06.,파워링크,파워링크,세탁기_파워링크_구독_메인키워드,PC,검색,일치,세탁건조기렌탈,1,0,0,0,0,9,0,0
2026.10.07.,파워링크,파워링크,세탁기_파워링크_구독_메인키워드,PC,검색,일치,세탁건조기렌탈,4,0,0,0,0,9.5,0,0
2026.10.03.,파워링크,파워링크,세탁기_파워링크_구독_메인키워드,PC,검색,일치,세탁기건조기구독,1,0,0,0,0,5,0,0
2026.10.06.,파워링크,파워링크,세탁기_파워링크_구독_메인키워드,PC,검색,일치,세탁기건조기구독,2,0,0,0,0,4,0,0
2026.10.07.,파워링크,파워링크,세탁기_파워링크_구독_메인키워드,PC,검색,일치,세탁기건조기구독,1,0,0,0,0,5,0,0
2026.10.05.,파워링크,파워링크,세탁기_파워링크_구독_메인키워드,PC,검색,일치,세탁기건조기구독가격,1,0,0,0,0,3,0,0
2026.10.01.,파워링크,파워링크,세탁기_파워링크_구독_메인키워드,PC,검색,일치,세탁기건조기렌탈,5,0,0,0,0,4.8,0,0
2026.10.02.,파워링크,파워링크,세탁기_파워링크_구독_메인키워드,PC,검색,일치,세탁기건조기렌탈,12,0,0,0,0,5.8,0,0
2026.10.03.,파워링크,파워링크,세탁기_파워링크_구독_메인키워드,PC,검색,일치,세탁기건조기렌탈,3,1,33.33,3407,3407,4,0,0
2026.10.04.,파워링크,파워링크,세탁기_파워링크_구독_메인키워드,PC,검색,일치,세탁기건조기렌탈,3,0,0,0,0,3.7,0,0
2026.10.05.,파워링크,파워링크,세탁기_파워링크_구독_메인키워드,PC,검색,일치,세탁기건조기렌탈,3,0,0,0,0,4,0,0
2026.10.06.,파워링크,파워링크,세탁기_파워링크_구독_메인키워드,PC,검색,일치,세탁기건조기렌탈,15,1,6.67,4097,4097,5.7,0,0
2026.10.07.,파워링크,파워링크,세탁기_파워링크_구독_메인키워드,PC,검색,일치,세탁기건조기렌탈,8,1,12.5,3639,3639,6.1,0,0
2026.10.01.,파워링크,파워링크,세탁기_파워링크_구독_메인키워드,PC,검색,일치,세탁기건조기렌탈비용,2,0,0,0,0,1,0,0
2026.10.02.,파워링크,파워링크,세탁기_파워링크_구독_메인키워드,PC,검색,일치,세탁기건조기렌탈비용,2,0,0,0,0,1,0,0
2026.10.03.,파워링크,파워링크,세탁기_파워링크_구독_메인키워드,PC,검색,일치,세탁기건조기렌탈비용,2,0,0,0,0,1,0,0
2026.10.04.,파워링크,파워링크,세탁기_파워링크_구독_메인키워드,PC,검색,일치,세탁기건조기렌탈비용,2,0,0,0,0,1,0,0
2026.10.05.,파워링크,파워링크,세탁기_파워링크_구독_메인키워드,PC,검색,일치,세탁기건조기렌탈비용,2,0,0,0,0,1,0,0
2026.10.06.,파워링크,파워링크,세탁기_파워링크_구독_메인키워드,PC,검색,일치,세탁기건조기렌탈비용,2,0,0,0,0,1,0,0
2026.10.07.,파워링크,파워링크,세탁기_파워링크_구독_메인키워드,PC,검색,일치,세탁기건조기렌탈비용,2,0,0,0,0,1,0,0
2026.10.06.,파워링크,파워링크,세탁기_파워링크_구독_메인키워드,PC,검색,일치,세탁기건조기세트렌탈,1,0,0,0,0,2,0,0
2026.10.01.,파워링크,파워링크,세탁기_파워링크_구독_메인키워드,PC,검색,일치,세탁기구독,3,0,0,0,0,6.3,0,0
2026.10.02.,파워링크,파워링크,세탁기_파워링크_구독_메인키워드,PC,검색,일치,세탁기구독,6,0,0,0,0,6.3,0,0
2026.10.03.,파워링크,파워링크,세탁기_파워링크_구독_메인키워드,PC,검색,일치,세탁기구독,6,0,0,0,0,5.2,0,0
2026.10.04.,파워링크,파워링크,세탁기_파워링크_구독_메인키워드,PC,검색,일치,세탁기구독,4,0,0,0,0,4,0,0
2026.10.05.,파워링크,파워링크,세탁기_파워링크_구독_메인키워드,PC,검색,일치,세탁기구독,8,0,0,0,0,5.5,0,0
2026.10.06.,파워링크,파워링크,세탁기_파워링크_구독_메인키워드,PC,검색,일치,세탁기구독,3,0,0,0,0,6.7,0,0
2026.10.07.,파워링크,파워링크,세탁기_파워링크_구독_메인키워드,PC,검색,일치,세탁기구독,2,0,0,0,0,6,0,0
2026.10.06.,파워링크,파워링크,세탁기_파워링크_구독_메인키워드,PC,검색,일치,세탁기구독가격,1,0,0,0,0,1,0,0
2026.10.07.,파워링크,파워링크,세탁기_파워링크_구독_메인키워드,PC,검색,일치,세탁기단기렌탈,1,0,0,0,0,9,0,0
2026.10.01.,파워링크,파워링크,세탁기_파워링크_구독_메인키워드,PC,검색,일치,세탁기렌탈,13,0,0,0,0,7.6,0,0
2026.10.02.,파워링크,파워링크,세탁기_파워링크_구독_메인키워드,PC,검색,일치,세탁기렌탈,46,0,0,0,0,8.2,0,0
2026.10.03.,파워링크,파워링크,세탁기_파워링크_구독_메인키워드,PC,검색,일치,세탁기렌탈,62,0,0,0,0,8.2,0,0
2026.10.04.,파워링크,파워링크,세탁기_파워링크_구독_메인키워드,PC,검색,일치,세탁기렌탈,70,0,0,0,0,6.8,0,0
2026.10.05.,파워링크,파워링크,세탁기_파워링크_구독_메인키워드,PC,검색,일치,세탁기렌탈,49,0,0,0,0,7.7,0,0
2026.10.06.,파워링크,파워링크,세탁기_파워링크_구독_메인키워드,PC,검색,일치,세탁기렌탈,36,0,0,0,0,6.8,0,0
2026.10.07.,파워링크,파워링크,세탁기_파워링크_구독_메인키워드,PC,검색,일치,세탁기렌탈,38,0,0,0,0,6.9,0,0
2026.10.06.,파워링크,파워링크,세탁기_파워링크_구독_메인키워드,PC,검색,일치,세탁기렌탈비용,1,0,0,0,0,5,0,0
2026.10.06.,파워링크,파워링크,세탁기_파워링크_구독_메인키워드,PC,검색,일치,콤보구독,1,0,0,0,0,1,0,0
2026.10.04.,파워링크,파워링크,세탁기_파워링크_구독_메인키워드,PC,검색,일치(유사검색어),건조기렌탈,1,0,0,0,0,5,0,0
2026.10.07.,파워링크,파워링크,세탁기_파워링크_구독_메인키워드,PC,검색,일치(유사검색어),건조기렌탈,1,0,0,0,0,4,0,0
2026.10.02.,파워링크,파워링크,세탁기_파워링크_구독_메인키워드,PC,검색,일치(유사검색어),세탁건조기렌탈,1,0,0,0,0,3,0,0
2026.10.06.,파워링크,파워링크,세탁기_파워링크_구독_메인키워드,PC,검색,일치(유사검색어),세탁건조기렌탈,3,0,0,0,0,5,0,0
2026.10.03.,파워링크,파워링크,세탁기_파워링크_구독_메인키워드,PC,검색,일치(유사검색어),세탁기렌탈,1,0,0,0,0,5,0,0
2026.10.06.,파워링크,파워링크,세탁기_파워링크_구독_메인키워드,PC,검색,일치(유사검색어),세탁기렌탈,2,0,0,0,0,6,0,0
2026.10.07.,파워링크,파워링크,세탁기_파워링크_구독_메인키워드,PC,검색,일치(유사검색어),세탁기렌탈,2,0,0,0,0,5,0,0
2026.10.01.,파워링크,파워링크,세탁기_파워링크_구독_메인키워드,PC,검색,확장,-,223,1,0.45,77,77,2.9,0,0
2026.10.02.,파워링크,파워링크,세탁기_파워링크_구독_메인키워드,PC,검색,확장,-,65,2,3.08,330,661,2.9,0,0
2026.10.03.,파워링크,파워링크,세탁기_파워링크_구독_메인키워드,PC,검색,확장,-,19,0,0,0,0,2.1,0,0
2026.10.04.,파워링크,파워링크,세탁기_파워링크_구독_메인키워드,PC,검색,확장,-,11,0,0,0,0,2,0,0
2026.10.05.,파워링크,파워링크,세탁기_파워링크_구독_메인키워드,PC,검색,확장,-,29,0,0,0,0,2.1,0,0
2026.10.06.,파워링크,파워링크,세탁기_파워링크_구독_메인키워드,PC,검색,확장,-,78,0,0,0,0,2.9,0,0
2026.10.07.,파워링크,파워링크,세탁기_파워링크_구독_메인키워드,PC,검색,확장,-,96,0,0,0,0,3.4,0,0
2026.10.06.,파워링크,파워링크,세탁기_파워링크_구독_메인키워드,모바일,검색,일치,AI콤보렌탈,1,0,0,0,0,4,0,0
2026.10.02.,파워링크,파워링크,세탁기_파워링크_구독_메인키워드,모바일,검색,일치,건조기구독,1,0,0,0,0,5,0,0
2026.10.03.,파워링크,파워링크,세탁기_파워링크_구독_메인키워드,모바일,검색,일치,건조기구독,6,0,0,0,0,4.8,0,0
2026.10.04.,파워링크,파워링크,세탁기_파워링크_구독_메인키워드,모바일,검색,일치,건조기구독,7,0,0,0,0,5,0,0
2026.10.07.,파워링크,파워링크,세탁기_파워링크_구독_메인키워드,모바일,검색,일치,건조기구독,2,0,0,0,0,8.5,0,0
2026.10.06.,파워링크,파워링크,세탁기_파워링크_구독_메인키워드,모바일,검색,일치,건조기구독가격,1,0,0,0,0,4,0,0
2026.10.02.,파워링크,파워링크,세탁기_파워링크_구독_메인키워드,모바일,검색,일치,건조기렌탈,4,0,0,0,0,7.5,0,0
2026.10.04.,파워링크,파워링크,세탁기_파워링크_구독_메인키워드,모바일,검색,일치,건조기렌탈,2,0,0,0,0,5.5,0,0
2026.10.06.,파워링크,파워링크,세탁기_파워링크_구독_메인키워드,모바일,검색,일치,건조기렌탈,3,0,0,0,0,6.3,0,0
2026.10.07.,파워링크,파워링크,세탁기_파워링크_구독_메인키워드,모바일,검색,일치,건조기렌탈,3,0,0,0,0,14.7,0,0
2026.10.04.,파워링크,파워링크,세탁기_파워링크_구독_메인키워드,모바일,검색,일치,건조기렌탈비용,1,0,0,0,0,2,0,0
2026.10.06.,파워링크,파워링크,세탁기_파워링크_구독_메인키워드,모바일,검색,일치,드럼세탁기렌탈,1,0,0,0,0,5,0,0
2026.10.03.,파워링크,파워링크,세탁기_파워링크_구독_메인키워드,모바일,검색,일치,세탁건조기구독,1,0,0,0,0,4,0,0
2026.10.04.,파워링크,파워링크,세탁기_파워링크_구독_메인키워드,모바일,검색,일치,세탁건조기렌탈,1,0,0,0,0,11,0,0
2026.10.05.,파워링크,파워링크,세탁기_파워링크_구독_메인키워드,모바일,검색,일치,세탁건조기렌탈,5,0,0,0,0,5,0,0
2026.10.06.,파워링크,파워링크,세탁기_파워링크_구독_메인키워드,모바일,검색,일치,세탁건조기렌탈,1,0,0,0,0,5,0,0
2026.10.07.,파워링크,파워링크,세탁기_파워링크_구독_메인키워드,모바일,검색,일치,세탁건조기렌탈,1,0,0,0,0,5,0,0
2026.10.04.,파워링크,파워링크,세탁기_파워링크_구독_메인키워드,모바일,검색,일치,세탁기건조기구독,1,0,0,0,0,5,0,0
2026.10.05.,파워링크,파워링크,세탁기_파워링크_구독_메인키워드,모바일,검색,일치,세탁기건조기구독,1,0,0,0,0,4,0,0
2026.10.04.,파워링크,파워링크,세탁기_파워링크_구독_메인키워드,모바일,검색,일치,세탁기건조기구독가격,1,0,0,0,0,4,0,0
2026.10.05.,파워링크,파워링크,세탁기_파워링크_구독_메인키워드,모바일,검색,일치,세탁기건조기구독가격,1,0,0,0,0,4,0,0
2026.10.03.,파워링크,파워링크,세탁기_파워링크_구독_메인키워드,모바일,검색,일치,세탁기건조기렌탈,1,0,0,0,0,4,0,0
2026.10.04.,파워링크,파워링크,세탁기_파워링크_구독_메인키워드,모바일,검색,일치,세탁기건조기렌탈,10,0,0,0,0,3.8,0,0
2026.10.05.,파워링크,파워링크,세탁기_파워링크_구독_메인키워드,모바일,검색,일치,세탁기건조기렌탈,6,0,0,0,0,2.3,0,0
2026.10.07.,파워링크,파워링크,세탁기_파워링크_구독_메인키워드,모바일,검색,일치,세탁기건조기렌탈,2,0,0,0,0,9,0,0
2026.10.03.,파워링크,파워링크,세탁기_파워링크_구독_메인키워드,모바일,검색,일치,세탁기건조기세트구독,1,1,100,1199,1199,3,0,0
2026.10.05.,파워링크,파워링크,세탁기_파워링크_구독_메인키워드,모바일,검색,일치,세탁기건조기세트구독,1,0,0,0,0,4,0,0
2026.10.06.,파워링크,파워링크,세탁기_파워링크_구독_메인키워드,모바일,검색,일치,세탁기건조기세트구독,1,0,0,0,0,3,0,0
2026.10.01.,파워링크,파워링크,세탁기_파워링크_구독_메인키워드,모바일,검색,일치,세탁기건조기세트렌탈,1,0,0,0,0,5,0,0
2026.10.03.,파워링크,파워링크,세탁기_파워링크_구독_메인키워드,모바일,검색,일치,세탁기건조기세트렌탈,1,0,0,0,0,2,0,0
2026.10.04.,파워링크,파워링크,세탁기_파워링크_구독_메인키워드,모바일,검색,일치,세탁기건조기세트렌탈,1,0,0,0,0,4,0,0
2026.10.05.,파워링크,파워링크,세탁기_파워링크_구독_메인키워드,모바일,검색,일치,세탁기건조기세트렌탈,1,0,0,0,0,2,0,0
2026.10.02.,파워링크,파워링크,세탁기_파워링크_구독_메인키워드,모바일,검색,일치,세탁기구독,1,0,0,0,0,8,0,0
2026.10.03.,파워링크,파워링크,세탁기_파워링크_구독_메인키워드,모바일,검색,일치,세탁기구독,6,0,0,0,0,5.2,0,0
2026.10.04.,파워링크,파워링크,세탁기_파워링크_구독_메인키워드,모바일,검색,일치,세탁기구독,3,0,0,0,0,4.7,0,0
2026.10.05.,파워링크,파워링크,세탁기_파워링크_구독_메인키워드,모바일,검색,일치,세탁기구독,2,0,0,0,0,4.5,0,0
2026.10.06.,파워링크,파워링크,세탁기_파워링크_구독_메인키워드,모바일,검색,일치,세탁기구독,2,0,0,0,0,7,0,0
2026.10.07.,파워링크,파워링크,세탁기_파워링크_구독_메인키워드,모바일,검색,일치,세탁기구독,2,0,0,0,0,8,0,0
2026.10.05.,파워링크,파워링크,세탁기_파워링크_구독_메인키워드,모바일,검색,일치,세탁기구독가격,1,0,0,0,0,3,0,0
2026.10.03.,파워링크,파워링크,세탁기_파워링크_구독_메인키워드,모바일,검색,일치,세탁기단기렌탈,1,0,0,0,0,4,0,0
2026.10.02.,파워링크,파워링크,세탁기_파워링크_구독_메인키워드,모바일,검색,일치,세탁기렌탈,1,0,0,0,0,19,0,0
2026.10.06.,파워링크,파워링크,세탁기_파워링크_구독_메인키워드,모바일,검색,일치,세탁기렌탈,1,0,0,0,0,5,0,0
2026.10.03.,파워링크,파워링크,세탁기_파워링크_구독_메인키워드,모바일,검색,일치,세탁기렌탈비용,1,0,0,0,0,4,0,0
2026.10.06.,파워링크,파워링크,세탁기_파워링크_구독_메인키워드,모바일,검색,일치,세탁기렌탈비용,1,0,0,0,0,3,0,0
2026.10.04.,파워링크,파워링크,세탁기_파워링크_구독_메인키워드,모바일,검색,일치,콤보구독,1,0,0,0,0,4,0,0
2026.10.01.,파워링크,파워링크,세탁기_파워링크_구독_메인키워드,모바일,검색,일치(유사검색어),건조기렌탈,1,0,0,0,0,3,0,0
2026.10.06.,파워링크,파워링크,세탁기_파워링크_구독_메인키워드,모바일,검색,일치(유사검색어),건조기렌탈,1,1,100,3482,3482,4,0,0
2026.10.07.,파워링크,파워링크,세탁기_파워링크_구독_메인키워드,모바일,검색,일치(유사검색어),건조기렌탈,6,2,33.33,2952,5903,4.2,0,0
2026.10.03.,파워링크,파워링크,세탁기_파워링크_구독_메인키워드,모바일,검색,일치(유사검색어),세탁건조기구독,1,0,0,0,0,3,0,0
2026.10.06.,파워링크,파워링크,세탁기_파워링크_구독_메인키워드,모바일,검색,일치(유사검색어),세탁건조기구독,2,0,0,0,0,2,0,0
2026.10.03.,파워링크,파워링크,세탁기_파워링크_구독_메인키워드,모바일,검색,일치(유사검색어),세탁기건조기렌탈,1,0,0,0,0,4,0,0
2026.10.02.,파워링크,파워링크,세탁기_파워링크_구독_메인키워드,모바일,검색,일치(유사검색어),세탁기단기렌탈,1,0,0,0,0,4,0,0
2026.10.01.,파워링크,파워링크,세탁기_파워링크_구독_메인키워드,모바일,검색,일치(유사검색어),세탁기렌탈,1,0,0,0,0,2,0,0
2026.10.03.,파워링크,파워링크,세탁기_파워링크_구독_메인키워드,모바일,검색,일치(유사검색어),세탁기렌탈,1,0,0,0,0,5,0,0
2026.10.04.,파워링크,파워링크,세탁기_파워링크_구독_메인키워드,모바일,검색,일치(유사검색어),세탁기렌탈,1,0,0,0,0,5,0,0
2026.10.01.,파워링크,파워링크,세탁기_파워링크_구독_메인키워드,모바일,검색,확장,-,487,2,0.41,114,229,2.6,0,0
2026.10.02.,파워링크,파워링크,세탁기_파워링크_구독_메인키워드,모바일,검색,확장,-,121,0,0,0,0,2.1,0,0
2026.10.03.,파워링크,파워링크,세탁기_파워링크_구독_메인키워드,모바일,검색,확장,-,113,0,0,0,0,2.2,0,0
2026.10.04.,파워링크,파워링크,세탁기_파워링크_구독_메인키워드,모바일,검색,확장,-,116,2,1.72,446,892,2,0,0
2026.10.05.,파워링크,파워링크,세탁기_파워링크_구독_메인키워드,모바일,검색,확장,-,138,0,0,0,0,2,0,0
2026.10.06.,파워링크,파워링크,세탁기_파워링크_구독_메인키워드,모바일,검색,확장,-,428,7,1.64,672,4702,3.2,0,0
2026.10.07.,파워링크,파워링크,세탁기_파워링크_구독_메인키워드,모바일,검색,확장,-,328,3,0.91,1320,3961,3.2,0,0
2026.10.01.,파워링크,파워링크,에어드레서_파워링크_구독_메인키워드,PC,검색,일치,삼성스타일러,3,0,0,0,0,3.3,0,0
2026.10.01.,파워링크,파워링크,에어드레서_파워링크_구독_메인키워드,PC,검색,일치,삼성에어드레서,4,0,0,0,0,7,0,0
2026.10.01.,파워링크,파워링크,에어드레서_파워링크_구독_메인키워드,PC,검색,일치,스타일러구독,1,0,0,0,0,3,0,0
2026.10.02.,파워링크,파워링크,에어드레서_파워링크_구독_메인키워드,PC,검색,일치,스타일러구독,4,0,0,0,0,2.8,0,0
2026.10.03.,파워링크,파워링크,에어드레서_파워링크_구독_메인키워드,PC,검색,일치,스타일러구독,2,0,0,0,0,3.5,0,0
2026.10.04.,파워링크,파워링크,에어드레서_파워링크_구독_메인키워드,PC,검색,일치,스타일러구독,2,0,0,0,0,3,0,0
2026.10.05.,파워링크,파워링크,에어드레서_파워링크_구독_메인키워드,PC,검색,일치,스타일러구독,9,0,0,0,0,2.6,0,0
2026.10.06.,파워링크,파워링크,에어드레서_파워링크_구독_메인키워드,PC,검색,일치,스타일러구독,15,1,6.67,2272,2272,3.3,0,0
2026.10.07.,파워링크,파워링크,에어드레서_파워링크_구독_메인키워드,PC,검색,일치,스타일러구독,8,0,0,0,0,2.9,0,0
2026.10.01.,파워링크,파워링크,에어드레서_파워링크_구독_메인키워드,PC,검색,일치,스타일러렌탈,8,0,0,0,0,3.1,0,0
2026.10.02.,파워링크,파워링크,에어드레서_파워링크_구독_메인키워드,PC,검색,일치,스타일러렌탈,19,1,5.26,2451,2451,3.5,0,0
2026.10.03.,파워링크,파워링크,에어드레서_파워링크_구독_메인키워드,PC,검색,일치,스타일러렌탈,8,0,0,0,0,2.6,0,0
2026.10.04.,파워링크,파워링크,에어드레서_파워링크_구독_메인키워드,PC,검색,일치,스타일러렌탈,3,0,0,0,0,2.3,0,0
2026.10.05.,파워링크,파워링크,에어드레서_파워링크_구독_메인키워드,PC,검색,일치,스타일러렌탈,6,0,0,0,0,2.2,0,0
2026.10.06.,파워링크,파워링크,에어드레서_파워링크_구독_메인키워드,PC,검색,일치,스타일러렌탈,9,1,11.11,1866,1866,2.3,0,0
2026.10.07.,파워링크,파워링크,에어드레서_파워링크_구독_메인키워드,PC,검색,일치,스타일러렌탈,22,0,0,0,0,2.5,0,0
2026.10.01.,파워링크,파워링크,에어드레서_파워링크_구독_메인키워드,PC,검색,일치,에어드레서구독,1,0,0,0,0,5,0,0
2026.10.02.,파워링크,파워링크,에어드레서_파워링크_구독_메인키워드,PC,검색,일치,에어드레서구독,2,1,50,546,546,3,0,0
2026.10.05.,파워링크,파워링크,에어드레서_파워링크_구독_메인키워드,PC,검색,일치,에어드레서구독,1,0,0,0,0,4,0,0
2026.10.06.,파워링크,파워링크,에어드레서_파워링크_구독_메인키워드,PC,검색,일치,에어드레서구독,2,0,0,0,0,4,0,0
2026.10.07.,파워링크,파워링크,에어드레서_파워링크_구독_메인키워드,PC,검색,일치,에어드레서구독,2,0,0,0,0,2.5,0,0
2026.10.02.,파워링크,파워링크,에어드레서_파워링크_구독_메인키워드,PC,검색,일치,에어드레서렌탈,12,0,0,0,0,4.4,0,0
2026.10.03.,파워링크,파워링크,에어드레서_파워링크_구독_메인키워드,PC,검색,일치,에어드레서렌탈,3,0,0,0,0,5,0,0
2026.10.05.,파워링크,파워링크,에어드레서_파워링크_구독_메인키워드,PC,검색,일치,에어드레서렌탈,1,0,0,0,0,2,0,0
2026.10.06.,파워링크,파워링크,에어드레서_파워링크_구독_메인키워드,PC,검색,일치,에어드레서렌탈,1,0,0,0,0,4,0,0
2026.10.07.,파워링크,파워링크,에어드레서_파워링크_구독_메인키워드,PC,검색,일치,에어드레서렌탈,3,0,0,0,0,7.3,0,0
2026.10.02.,파워링크,파워링크,에어드레서_파워링크_구독_메인키워드,PC,검색,일치(유사검색어),스타일러렌탈,1,0,0,0,0,10,0,0
2026.10.04.,파워링크,파워링크,에어드레서_파워링크_구독_메인키워드,PC,검색,일치(유사검색어),스타일러렌탈,1,0,0,0,0,6,0,0
2026.10.06.,파워링크,파워링크,에어드레서_파워링크_구독_메인키워드,PC,검색,일치(유사검색어),스타일러렌탈,1,0,0,0,0,10,0,0
2026.10.01.,파워링크,파워링크,에어드레서_파워링크_구독_메인키워드,PC,검색,확장,-,65,0,0,0,0,4,0,0
2026.10.02.,파워링크,파워링크,에어드레서_파워링크_구독_메인키워드,PC,검색,확장,-,48,0,0,0,0,1.8,0,0
2026.10.03.,파워링크,파워링크,에어드레서_파워링크_구독_메인키워드,PC,검색,확장,-,8,0,0,0,0,1.8,0,0
2026.10.04.,파워링크,파워링크,에어드레서_파워링크_구독_메인키워드,PC,검색,확장,-,5,0,0,0,0,1.6,0,0
2026.10.05.,파워링크,파워링크,에어드레서_파워링크_구독_메인키워드,PC,검색,확장,-,12,0,0,0,0,2.1,0,0
2026.10.06.,파워링크,파워링크,에어드레서_파워링크_구독_메인키워드,PC,검색,확장,-,21,0,0,0,0,2,0,0
2026.10.07.,파워링크,파워링크,에어드레서_파워링크_구독_메인키워드,PC,검색,확장,-,24,0,0,0,0,2.3,0,0
2026.10.01.,파워링크,파워링크,에어드레서_파워링크_구독_메인키워드,모바일,검색,일치,삼성스타일러,2,0,0,0,0,5,0,0
2026.10.01.,파워링크,파워링크,에어드레서_파워링크_구독_메인키워드,모바일,검색,일치,삼성에어드레서,3,0,0,0,0,4.7,0,0
2026.10.01.,파워링크,파워링크,에어드레서_파워링크_구독_메인키워드,모바일,검색,일치,스타일러구독,1,0,0,0,0,4,0,0
2026.10.02.,파워링크,파워링크,에어드레서_파워링크_구독_메인키워드,모바일,검색,일치,스타일러구독,3,0,0,0,0,4.3,0,0
2026.10.03.,파워링크,파워링크,에어드레서_파워링크_구독_메인키워드,모바일,검색,일치,스타일러구독,7,0,0,0,0,4.3,0,0
2026.10.04.,파워링크,파워링크,에어드레서_파워링크_구독_메인키워드,모바일,검색,일치,스타일러구독,8,0,0,0,0,4.3,0,0
2026.10.05.,파워링크,파워링크,에어드레서_파워링크_구독_메인키워드,모바일,검색,일치,스타일러구독,15,1,6.67,2470,2470,3.9,0,0
2026.10.06.,파워링크,파워링크,에어드레서_파워링크_구독_메인키워드,모바일,검색,일치,스타일러구독,11,0,0,0,0,4.2,0,0
2026.10.07.,파워링크,파워링크,에어드레서_파워링크_구독_메인키워드,모바일,검색,일치,스타일러구독,4,0,0,0,0,4.3,0,0
2026.10.01.,파워링크,파워링크,에어드레서_파워링크_구독_메인키워드,모바일,검색,일치,스타일러렌탈,8,0,0,0,0,4.4,0,0
2026.10.02.,파워링크,파워링크,에어드레서_파워링크_구독_메인키워드,모바일,검색,일치,스타일러렌탈,5,0,0,0,0,4.8,0,0
2026.10.03.,파워링크,파워링크,에어드레서_파워링크_구독_메인키워드,모바일,검색,일치,스타일러렌탈,17,1,5.88,2424,2424,4.2,0,0
2026.10.04.,파워링크,파워링크,에어드레서_파워링크_구독_메인키워드,모바일,검색,일치,스타일러렌탈,13,1,7.69,2188,2188,4.3,0,0
2026.10.05.,파워링크,파워링크,에어드레서_파워링크_구독_메인키워드,모바일,검색,일치,스타일러렌탈,16,0,0,0,0,3.5,0,0
2026.10.06.,파워링크,파워링크,에어드레서_파워링크_구독_메인키워드,모바일,검색,일치,스타일러렌탈,18,0,0,0,0,4.3,0,0
2026.10.07.,파워링크,파워링크,에어드레서_파워링크_구독_메인키워드,모바일,검색,일치,스타일러렌탈,9,0,0,0,0,4.8,0,0
2026.10.02.,파워링크,파워링크,에어드레서_파워링크_구독_메인키워드,모바일,검색,일치,에어드레서구독,1,1,100,887,887,3,0,0
2026.10.03.,파워링크,파워링크,에어드레서_파워링크_구독_메인키워드,모바일,검색,일치,에어드레서구독,2,0,0,0,0,3.5,0,0
2026.10.04.,파워링크,파워링크,에어드레서_파워링크_구독_메인키워드,모바일,검색,일치,에어드레서구독,3,0,0,0,0,3.3,0,0
2026.10.05.,파워링크,파워링크,에어드레서_파워링크_구독_메인키워드,모바일,검색,일치,에어드레서구독,9,0,0,0,0,3.7,0,0
2026.10.06.,파워링크,파워링크,에어드레서_파워링크_구독_메인키워드,모바일,검색,일치,에어드레서구독,1,0,0,0,0,4,0,0
2026.10.07.,파워링크,파워링크,에어드레서_파워링크_구독_메인키워드,모바일,검색,일치,에어드레서구독,2,0,0,0,0,3.5,0,0
2026.10.02.,파워링크,파워링크,에어드레서_파워링크_구독_메인키워드,모바일,검색,일치,에어드레서렌탈,1,0,0,0,0,3,0,0
2026.10.03.,파워링크,파워링크,에어드레서_파워링크_구독_메인키워드,모바일,검색,일치,의류관리기구독,1,0,0,0,0,4,0,0
2026.10.04.,파워링크,파워링크,에어드레서_파워링크_구독_메인키워드,모바일,검색,일치,의류관리기렌탈,1,1,100,2086,2086,4,0,0
2026.10.02.,파워링크,파워링크,에어드레서_파워링크_구독_메인키워드,모바일,검색,일치(유사검색어),스타일러렌탈,1,0,0,0,0,4,0,0
2026.10.04.,파워링크,파워링크,에어드레서_파워링크_구독_메인키워드,모바일,검색,일치(유사검색어),스타일러렌탈,1,0,0,0,0,5,0,0
2026.10.05.,파워링크,파워링크,에어드레서_파워링크_구독_메인키워드,모바일,검색,일치(유사검색어),스타일러렌탈,1,0,0,0,0,1,0,0
2026.10.06.,파워링크,파워링크,에어드레서_파워링크_구독_메인키워드,모바일,검색,일치(유사검색어),스타일러렌탈,3,0,0,0,0,2.3,0,0
2026.10.07.,파워링크,파워링크,에어드레서_파워링크_구독_메인키워드,모바일,검색,일치(유사검색어),스타일러렌탈,1,0,0,0,0,5,0,0
2026.10.01.,파워링크,파워링크,에어드레서_파워링크_구독_메인키워드,모바일,검색,확장,-,62,1,1.61,154,154,1.9,0,0
2026.10.02.,파워링크,파워링크,에어드레서_파워링크_구독_메인키워드,모바일,검색,확장,-,90,0,0,0,0,1.1,0,0
2026.10.03.,파워링크,파워링크,에어드레서_파워링크_구독_메인키워드,모바일,검색,확장,-,108,0,0,0,0,1.3,0,0
2026.10.04.,파워링크,파워링크,에어드레서_파워링크_구독_메인키워드,모바일,검색,확장,-,90,0,0,0,0,1.4,0,0
2026.10.05.,파워링크,파워링크,에어드레서_파워링크_구독_메인키워드,모바일,검색,확장,-,61,0,0,0,0,2,0,0
2026.10.06.,파워링크,파워링크,에어드레서_파워링크_구독_메인키워드,모바일,검색,확장,-,62,0,0,0,0,2.1,0,0
2026.10.07.,파워링크,파워링크,에어드레서_파워링크_구독_메인키워드,모바일,검색,확장,-,52,0,0,0,0,1.9,0,0
2026.10.07.,파워링크,파워링크,세탁기_파워링크_구독_브랜드키워드,PC,검색,일치,삼성AI콤보구독,1,0,0,0,0,3,0,0
2026.10.03.,파워링크,파워링크,세탁기_파워링크_구독_브랜드키워드,PC,검색,일치,삼성AI콤보렌탈,1,0,0,0,0,3,0,0
2026.10.02.,파워링크,파워링크,세탁기_파워링크_구독_브랜드키워드,PC,검색,일치,삼성건조기구독,1,0,0,0,0,2,0,0
2026.10.06.,파워링크,파워링크,세탁기_파워링크_구독_브랜드키워드,PC,검색,일치,삼성건조기구독,2,0,0,0,0,2,0,0
2026.10.07.,파워링크,파워링크,세탁기_파워링크_구독_브랜드키워드,PC,검색,일치,삼성건조기구독,3,0,0,0,0,3.3,0,0
2026.10.07.,파워링크,파워링크,세탁기_파워링크_구독_브랜드키워드,PC,검색,일치,삼성건조기렌탈,1,0,0,0,0,3,0,0
2026.10.07.,파워링크,파워링크,세탁기_파워링크_구독_브랜드키워드,PC,검색,일치,삼성드럼세탁기렌탈,3,1,33.33,1931,1931,6.3,0,0
2026.10.06.,파워링크,파워링크,세탁기_파워링크_구독_브랜드키워드,PC,검색,일치,삼성비스포크AI콤보구독,1,0,0,0,0,4,0,0
2026.10.07.,파워링크,파워링크,세탁기_파워링크_구독_브랜드키워드,PC,검색,일치,삼성세탁건조기구독,1,0,0,0,0,4,0,0
2026.10.03.,파워링크,파워링크,세탁기_파워링크_구독_브랜드키워드,PC,검색,일치,삼성세탁기건조기구독,1,0,0,0,0,6,0,0
2026.10.02.,파워링크,파워링크,세탁기_파워링크_구독_브랜드키워드,PC,검색,일치,삼성세탁기건조기렌탈,2,1,50,3497,3497,2,0,0
2026.10.06.,파워링크,파워링크,세탁기_파워링크_구독_브랜드키워드,PC,검색,일치,삼성세탁기건조기렌탈,1,0,0,0,0,3,0,0
2026.10.06.,파워링크,파워링크,세탁기_파워링크_구독_브랜드키워드,PC,검색,일치,삼성세탁기건조기세트렌탈,1,0,0,0,0,5,0,0
2026.10.01.,파워링크,파워링크,세탁기_파워링크_구독_브랜드키워드,PC,검색,일치,삼성세탁기구독,1,0,0,0,0,2,0,0
2026.10.02.,파워링크,파워링크,세탁기_파워링크_구독_브랜드키워드,PC,검색,일치,삼성세탁기구독,8,0,0,0,0,2.6,0,0
2026.10.06.,파워링크,파워링크,세탁기_파워링크_구독_브랜드키워드,PC,검색,일치,삼성세탁기구독,2,0,0,0,0,4.5,0,0
2026.10.07.,파워링크,파워링크,세탁기_파워링크_구독_브랜드키워드,PC,검색,일치,삼성세탁기구독,8,0,0,0,0,3.4,0,0
2026.10.02.,파워링크,파워링크,세탁기_파워링크_구독_브랜드키워드,PC,검색,일치,삼성세탁기렌탈,6,0,0,0,0,3.2,0,0
2026.10.03.,파워링크,파워링크,세탁기_파워링크_구독_브랜드키워드,PC,검색,일치,삼성세탁기렌탈,5,0,0,0,0,3.8,0,0
2026.10.05.,파워링크,파워링크,세탁기_파워링크_구독_브랜드키워드,PC,검색,일치,삼성세탁기렌탈,2,1,50,3702,3702,3.5,0,0
2026.10.06.,파워링크,파워링크,세탁기_파워링크_구독_브랜드키워드,PC,검색,일치,삼성세탁기렌탈,11,0,0,0,0,2.9,0,0
2026.10.07.,파워링크,파워링크,세탁기_파워링크_구독_브랜드키워드,PC,검색,일치,삼성세탁기렌탈,9,1,11.11,4852,4852,3,0,0
2026.10.02.,파워링크,파워링크,세탁기_파워링크_구독_브랜드키워드,PC,검색,일치,삼성전자세탁기구독,2,0,0,0,0,5.5,0,0
2026.10.03.,파워링크,파워링크,세탁기_파워링크_구독_브랜드키워드,PC,검색,일치,삼성전자세탁기구독,1,0,0,0,0,3,0,0
2026.10.07.,파워링크,파워링크,세탁기_파워링크_구독_브랜드키워드,PC,검색,일치,삼성전자세탁기구독,2,0,0,0,0,5.5,0,0
2026.10.06.,파워링크,파워링크,세탁기_파워링크_구독_브랜드키워드,PC,검색,일치,삼성콤보구독,1,0,0,0,0,3,0,0
2026.10.07.,파워링크,파워링크,세탁기_파워링크_구독_브랜드키워드,PC,검색,일치(유사검색어),삼성세탁기구독,1,0,0,0,0,2,0,0
2026.10.01.,파워링크,파워링크,세탁기_파워링크_구독_브랜드키워드,PC,검색,확장,-,30,1,3.33,640,640,2.9,0,0
2026.10.02.,파워링크,파워링크,세탁기_파워링크_구독_브랜드키워드,PC,검색,확장,-,194,1,0.52,104,104,2.9,0,0
2026.10.03.,파워링크,파워링크,세탁기_파워링크_구독_브랜드키워드,PC,검색,확장,-,70,0,0,0,0,2.8,0,0
2026.10.04.,파워링크,파워링크,세탁기_파워링크_구독_브랜드키워드,PC,검색,확장,-,66,3,4.55,705,2114,2.9,0,0
2026.10.05.,파워링크,파워링크,세탁기_파워링크_구독_브랜드키워드,PC,검색,확장,-,80,0,0,0,0,2.4,0,0
2026.10.06.,파워링크,파워링크,세탁기_파워링크_구독_브랜드키워드,PC,검색,확장,-,244,0,0,0,0,2.3,0,0
2026.10.07.,파워링크,파워링크,세탁기_파워링크_구독_브랜드키워드,PC,검색,확장,-,233,0,0,0,0,2.6,0,0
2026.10.04.,파워링크,파워링크,세탁기_파워링크_구독_브랜드키워드,모바일,검색,일치,삼성AI콤보구독,1,0,0,0,0,4,0,0
2026.10.05.,파워링크,파워링크,세탁기_파워링크_구독_브랜드키워드,모바일,검색,일치,삼성AI콤보구독,1,0,0,0,0,4,0,0
2026.10.03.,파워링크,파워링크,세탁기_파워링크_구독_브랜드키워드,모바일,검색,일치,삼성건조기구독,4,0,0,0,0,4.3,0,0
2026.10.04.,파워링크,파워링크,세탁기_파워링크_구독_브랜드키워드,모바일,검색,일치,삼성건조기구독,2,0,0,0,0,4,0,0
2026.10.05.,파워링크,파워링크,세탁기_파워링크_구독_브랜드키워드,모바일,검색,일치,삼성건조기구독,1,0,0,0,0,4,0,0
2026.10.06.,파워링크,파워링크,세탁기_파워링크_구독_브랜드키워드,모바일,검색,일치,삼성건조기구독,1,0,0,0,0,4,0,0
2026.10.03.,파워링크,파워링크,세탁기_파워링크_구독_브랜드키워드,모바일,검색,일치,삼성건조기렌탈,2,0,0,0,0,5,0,0
2026.10.04.,파워링크,파워링크,세탁기_파워링크_구독_브랜드키워드,모바일,검색,일치,삼성건조기렌탈,3,0,0,0,0,4.7,0,0
2026.10.05.,파워링크,파워링크,세탁기_파워링크_구독_브랜드키워드,모바일,검색,일치,삼성드럼세탁기렌탈,1,0,0,0,0,4,0,0
2026.10.07.,파워링크,파워링크,세탁기_파워링크_구독_브랜드키워드,모바일,검색,일치,삼성비스포크AI콤보렌탈,1,0,0,0,0,3,0,0
2026.10.06.,파워링크,파워링크,세탁기_파워링크_구독_브랜드키워드,모바일,검색,일치,삼성세탁건조기렌탈,1,0,0,0,0,4,0,0
2026.10.02.,파워링크,파워링크,세탁기_파워링크_구독_브랜드키워드,모바일,검색,일치,삼성세탁기건조기렌탈,2,0,0,0,0,5,0,0
2026.10.05.,파워링크,파워링크,세탁기_파워링크_구독_브랜드키워드,모바일,검색,일치,삼성세탁기건조기렌탈,1,0,0,0,0,4,0,0
2026.10.06.,파워링크,파워링크,세탁기_파워링크_구독_브랜드키워드,모바일,검색,일치,삼성세탁기건조기렌탈,3,0,0,0,0,4.3,0,0
2026.10.07.,파워링크,파워링크,세탁기_파워링크_구독_브랜드키워드,모바일,검색,일치,삼성세탁기건조기렌탈,1,0,0,0,0,3,0,0
2026.10.01.,파워링크,파워링크,세탁기_파워링크_구독_브랜드키워드,모바일,검색,일치,삼성세탁기구독,3,0,0,0,0,4,0,0
2026.10.02.,파워링크,파워링크,세탁기_파워링크_구독_브랜드키워드,모바일,검색,일치,삼성세탁기구독,14,0,0,0,0,4,0,0
2026.10.03.,파워링크,파워링크,세탁기_파워링크_구독_브랜드키워드,모바일,검색,일치,삼성세탁기구독,12,0,0,0,0,4.3,0,0
2026.10.04.,파워링크,파워링크,세탁기_파워링크_구독_브랜드키워드,모바일,검색,일치,삼성세탁기구독,18,0,0,0,0,4.1,0,0
2026.10.05.,파워링크,파워링크,세탁기_파워링크_구독_브랜드키워드,모바일,검색,일치,삼성세탁기구독,8,0,0,0,0,3.9,0,0
2026.10.06.,파워링크,파워링크,세탁기_파워링크_구독_브랜드키워드,모바일,검색,일치,삼성세탁기구독,4,0,0,0,0,4.5,0,0
2026.10.07.,파워링크,파워링크,세탁기_파워링크_구독_브랜드키워드,모바일,검색,일치,삼성세탁기구독,10,0,0,0,0,4.4,0,0
2026.10.01.,파워링크,파워링크,세탁기_파워링크_구독_브랜드키워드,모바일,검색,일치,삼성세탁기렌탈,1,0,0,0,0,5,0,0
2026.10.02.,파워링크,파워링크,세탁기_파워링크_구독_브랜드키워드,모바일,검색,일치,삼성세탁기렌탈,3,0,0,0,0,5,0,0
2026.10.03.,파워링크,파워링크,세탁기_파워링크_구독_브랜드키워드,모바일,검색,일치,삼성세탁기렌탈,5,0,0,0,0,5,0,0
2026.10.06.,파워링크,파워링크,세탁기_파워링크_구독_브랜드키워드,모바일,검색,일치,삼성세탁기렌탈,2,1,50,5368,5368,4,0,0
2026.10.07.,파워링크,파워링크,세탁기_파워링크_구독_브랜드키워드,모바일,검색,일치,삼성세탁기렌탈,8,1,12.5,4622,4622,3.9,0,0
2026.10.03.,파워링크,파워링크,세탁기_파워링크_구독_브랜드키워드,모바일,검색,일치,삼성전자건조기렌탈,1,0,0,0,0,4,0,0
2026.10.04.,파워링크,파워링크,세탁기_파워링크_구독_브랜드키워드,모바일,검색,일치,삼성전자세탁기건조기구독,1,0,0,0,0,3,0,0
2026.10.06.,파워링크,파워링크,세탁기_파워링크_구독_브랜드키워드,모바일,검색,일치,삼성전자세탁기건조기구독,1,0,0,0,0,3,0,0
2026.10.07.,파워링크,파워링크,세탁기_파워링크_구독_브랜드키워드,모바일,검색,일치,삼성전자세탁기구독,1,0,0,0,0,4,0,0
2026.10.04.,파워링크,파워링크,세탁기_파워링크_구독_브랜드키워드,모바일,검색,일치(유사검색어),삼성AI콤보구독,1,1,100,994,994,1,0,0
2026.10.05.,파워링크,파워링크,세탁기_파워링크_구독_브랜드키워드,모바일,검색,일치(유사검색어),삼성AI콤보구독,1,0,0,0,0,2,0,0
2026.10.05.,파워링크,파워링크,세탁기_파워링크_구독_브랜드키워드,모바일,검색,일치(유사검색어),삼성건조기렌탈,1,0,0,0,0,2,0,0
2026.10.04.,파워링크,파워링크,세탁기_파워링크_구독_브랜드키워드,모바일,검색,일치(유사검색어),삼성세탁기건조기구독,1,0,0,0,0,3,0,0
2026.10.05.,파워링크,파워링크,세탁기_파워링크_구독_브랜드키워드,모바일,검색,일치(유사검색어),삼성세탁기건조기구독,6,1,16.67,1442,1442,2.8,0,0
2026.10.06.,파워링크,파워링크,세탁기_파워링크_구독_브랜드키워드,모바일,검색,일치(유사검색어),삼성세탁기건조기구독,1,0,0,0,0,1,0,0
2026.10.02.,파워링크,파워링크,세탁기_파워링크_구독_브랜드키워드,모바일,검색,일치(유사검색어),삼성세탁기구독,1,0,0,0,0,3,0,0
2026.10.03.,파워링크,파워링크,세탁기_파워링크_구독_브랜드키워드,모바일,검색,일치(유사검색어),삼성세탁기구독,1,0,0,0,0,3,0,0
2026.10.04.,파워링크,파워링크,세탁기_파워링크_구독_브랜드키워드,모바일,검색,일치(유사검색어),삼성세탁기구독,5,0,0,0,0,3,0,0
2026.10.05.,파워링크,파워링크,세탁기_파워링크_구독_브랜드키워드,모바일,검색,일치(유사검색어),삼성세탁기구독,3,1,33.33,2318,2318,2,0,0
2026.10.07.,파워링크,파워링크,세탁기_파워링크_구독_브랜드키워드,모바일,검색,일치(유사검색어),삼성세탁기구독,1,0,0,0,0,3,0,0
2026.10.06.,파워링크,파워링크,세탁기_파워링크_구독_브랜드키워드,모바일,검색,일치(유사검색어),삼성세탁기렌탈,1,1,100,5050,5050,3,0,0
2026.10.07.,파워링크,파워링크,세탁기_파워링크_구독_브랜드키워드,모바일,검색,일치(유사검색어),삼성전자세탁기렌탈,1,0,0,0,0,2,0,0
2026.10.01.,파워링크,파워링크,세탁기_파워링크_구독_브랜드키워드,모바일,검색,확장,-,203,2,0.99,716,1432,2.8,0,0
2026.10.02.,파워링크,파워링크,세탁기_파워링크_구독_브랜드키워드,모바일,검색,확장,-,733,1,0.14,826,826,3,0,0
2026.10.03.,파워링크,파워링크,세탁기_파워링크_구독_브랜드키워드,모바일,검색,확장,-,753,4,0.53,904,3614,3.6,0,0
2026.10.04.,파워링크,파워링크,세탁기_파워링크_구독_브랜드키워드,모바일,검색,확장,-,1004,18,1.79,1108,19945,3.1,0,0
2026.10.05.,파워링크,파워링크,세탁기_파워링크_구독_브랜드키워드,모바일,검색,확장,-,766,16,2.09,1112,17794,2.6,0,0
2026.10.06.,파워링크,파워링크,세탁기_파워링크_구독_브랜드키워드,모바일,검색,확장,-,1155,10,0.87,1147,11474,2.2,0,0
2026.10.07.,파워링크,파워링크,세탁기_파워링크_구독_브랜드키워드,모바일,검색,확장,-,1128,9,0.8,934,8410,2.2,0,0
2026.10.05.,파워링크,파워링크,에어드레서_파워링크_구독_브랜드키워드,PC,검색,일치,비스포크에어드레서,2,0,0,0,0,4,0,0
2026.10.07.,파워링크,파워링크,에어드레서_파워링크_구독_브랜드키워드,PC,검색,일치,비스포크에어드레서,4,0,0,0,0,4.8,0,0
2026.10.01.,파워링크,파워링크,에어드레서_파워링크_구독_브랜드키워드,PC,검색,일치,삼성스타일러,5,0,0,0,0,2.6,0,0
2026.10.02.,파워링크,파워링크,에어드레서_파워링크_구독_브랜드키워드,PC,검색,일치,삼성스타일러,39,0,0,0,0,3.1,0,0
2026.10.03.,파워링크,파워링크,에어드레서_파워링크_구독_브랜드키워드,PC,검색,일치,삼성스타일러,22,1,4.55,639,639,3.6,0,0
2026.10.04.,파워링크,파워링크,에어드레서_파워링크_구독_브랜드키워드,PC,검색,일치,삼성스타일러,35,0,0,0,0,3.1,0,0
2026.10.05.,파워링크,파워링크,에어드레서_파워링크_구독_브랜드키워드,PC,검색,일치,삼성스타일러,23,0,0,0,0,3.5,0,0
2026.10.06.,파워링크,파워링크,에어드레서_파워링크_구독_브랜드키워드,PC,검색,일치,삼성스타일러,57,0,0,0,0,3.5,0,0
2026.10.07.,파워링크,파워링크,에어드레서_파워링크_구독_브랜드키워드,PC,검색,일치,삼성스타일러,53,0,0,0,0,3.5,0,0
2026.10.07.,파워링크,파워링크,에어드레서_파워링크_구독_브랜드키워드,PC,검색,일치,삼성스타일러렌탈,1,0,0,0,0,4,0,0
2026.10.01.,파워링크,파워링크,에어드레서_파워링크_구독_브랜드키워드,PC,검색,일치,삼성에어드레서,5,0,0,0,0,2.2,0,0
2026.10.02.,파워링크,파워링크,에어드레서_파워링크_구독_브랜드키워드,PC,검색,일치,삼성에어드레서,53,0,0,0,0,3.5,0,0
2026.10.03.,파워링크,파워링크,에어드레서_파워링크_구독_브랜드키워드,PC,검색,일치,삼성에어드레서,29,0,0,0,0,3.2,0,0
2026.10.04.,파워링크,파워링크,에어드레서_파워링크_구독_브랜드키워드,PC,검색,일치,삼성에어드레서,18,0,0,0,0,3.4,0,0
2026.10.05.,파워링크,파워링크,에어드레서_파워링크_구독_브랜드키워드,PC,검색,일치,삼성에어드레서,31,0,0,0,0,3.8,0,0
2026.10.06.,파워링크,파워링크,에어드레서_파워링크_구독_브랜드키워드,PC,검색,일치,삼성에어드레서,67,0,0,0,0,3.6,0,0
2026.10.07.,파워링크,파워링크,에어드레서_파워링크_구독_브랜드키워드,PC,검색,일치,삼성에어드레서,68,0,0,0,0,2.8,0,0
2026.10.02.,파워링크,파워링크,에어드레서_파워링크_구독_브랜드키워드,PC,검색,일치,삼성에어드레서구독,1,0,0,0,0,2,0,0
2026.10.06.,파워링크,파워링크,에어드레서_파워링크_구독_브랜드키워드,PC,검색,일치,삼성에어드레서구독,3,0,0,0,0,3.3,0,0
2026.10.01.,파워링크,파워링크,에어드레서_파워링크_구독_브랜드키워드,PC,검색,일치,삼성에어드레서렌탈,1,0,0,0,0,5,0,0
2026.10.07.,파워링크,파워링크,에어드레서_파워링크_구독_브랜드키워드,PC,검색,일치,삼성에어드레서렌탈,1,0,0,0,0,2,0,0
2026.10.01.,파워링크,파워링크,에어드레서_파워링크_구독_브랜드키워드,PC,검색,확장,-,10,0,0,0,0,2.1,0,0
2026.10.02.,파워링크,파워링크,에어드레서_파워링크_구독_브랜드키워드,PC,검색,확장,-,60,0,0,0,0,2.1,0,0
2026.10.03.,파워링크,파워링크,에어드레서_파워링크_구독_브랜드키워드,PC,검색,확장,-,6,0,0,0,0,1.3,0,0
2026.10.04.,파워링크,파워링크,에어드레서_파워링크_구독_브랜드키워드,PC,검색,확장,-,13,0,0,0,0,2,0,0
2026.10.05.,파워링크,파워링크,에어드레서_파워링크_구독_브랜드키워드,PC,검색,확장,-,17,0,0,0,0,1.9,0,0
2026.10.06.,파워링크,파워링크,에어드레서_파워링크_구독_브랜드키워드,PC,검색,확장,-,34,0,0,0,0,2.4,0,0
2026.10.07.,파워링크,파워링크,에어드레서_파워링크_구독_브랜드키워드,PC,검색,확장,-,29,0,0,0,0,3.1,0,0
2026.10.01.,파워링크,파워링크,에어드레서_파워링크_구독_브랜드키워드,모바일,검색,일치,비스포크에어드레서,1,0,0,0,0,3,0,0
2026.10.02.,파워링크,파워링크,에어드레서_파워링크_구독_브랜드키워드,모바일,검색,일치,비스포크에어드레서,1,0,0,0,0,4,0,0
2026.10.03.,파워링크,파워링크,에어드레서_파워링크_구독_브랜드키워드,모바일,검색,일치,비스포크에어드레서,4,0,0,0,0,2.5,0,0
2026.10.04.,파워링크,파워링크,에어드레서_파워링크_구독_브랜드키워드,모바일,검색,일치,비스포크에어드레서,6,0,0,0,0,2.7,0,0
2026.10.05.,파워링크,파워링크,에어드레서_파워링크_구독_브랜드키워드,모바일,검색,일치,비스포크에어드레서,4,0,0,0,0,3.5,0,0
2026.10.06.,파워링크,파워링크,에어드레서_파워링크_구독_브랜드키워드,모바일,검색,일치,비스포크에어드레서,6,0,0,0,0,3.5,0,0
2026.10.07.,파워링크,파워링크,에어드레서_파워링크_구독_브랜드키워드,모바일,검색,일치,비스포크에어드레서,1,0,0,0,0,4,0,0
2026.10.01.,파워링크,파워링크,에어드레서_파워링크_구독_브랜드키워드,모바일,검색,일치,삼성스타일러,59,1,1.69,497,497,2.5,0,0
2026.10.02.,파워링크,파워링크,에어드레서_파워링크_구독_브랜드키워드,모바일,검색,일치,삼성스타일러,158,1,0.63,511,511,3,0,0
2026.10.03.,파워링크,파워링크,에어드레서_파워링크_구독_브랜드키워드,모바일,검색,일치,삼성스타일러,252,0,0,0,0,3,0,0
2026.10.04.,파워링크,파워링크,에어드레서_파워링크_구독_브랜드키워드,모바일,검색,일치,삼성스타일러,261,2,0.77,580,1159,3,0,0
2026.10.05.,파워링크,파워링크,에어드레서_파워링크_구독_브랜드키워드,모바일,검색,일치,삼성스타일러,239,0,0,0,0,3,0,0
2026.10.06.,파워링크,파워링크,에어드레서_파워링크_구독_브랜드키워드,모바일,검색,일치,삼성스타일러,208,0,0,0,0,3,0,0
2026.10.07.,파워링크,파워링크,에어드레서_파워링크_구독_브랜드키워드,모바일,검색,일치,삼성스타일러,204,1,0.49,576,576,3,0,0
2026.10.04.,파워링크,파워링크,에어드레서_파워링크_구독_브랜드키워드,모바일,검색,일치,삼성스타일러구독,1,0,0,0,0,3,0,0
2026.10.05.,파워링크,파워링크,에어드레서_파워링크_구독_브랜드키워드,모바일,검색,일치,삼성스타일러구독,4,1,25,1225,1225,3,0,0
2026.10.05.,파워링크,파워링크,에어드레서_파워링크_구독_브랜드키워드,모바일,검색,일치,삼성스타일러렌탈,2,0,0,0,0,7,0,0
2026.10.01.,파워링크,파워링크,에어드레서_파워링크_구독_브랜드키워드,모바일,검색,일치,삼성에어드레서,51,0,0,0,0,2.1,0,0
2026.10.02.,파워링크,파워링크,에어드레서_파워링크_구독_브랜드키워드,모바일,검색,일치,삼성에어드레서,177,1,0.56,1040,1040,3.2,0,0
2026.10.03.,파워링크,파워링크,에어드레서_파워링크_구독_브랜드키워드,모바일,검색,일치,삼성에어드레서,213,0,0,0,0,3.5,0,0
2026.10.04.,파워링크,파워링크,에어드레서_파워링크_구독_브랜드키워드,모바일,검색,일치,삼성에어드레서,212,0,0,0,0,3.5,0,0
2026.10.05.,파워링크,파워링크,에어드레서_파워링크_구독_브랜드키워드,모바일,검색,일치,삼성에어드레서,242,0,0,0,0,3.8,0,0
2026.10.06.,파워링크,파워링크,에어드레서_파워링크_구독_브랜드키워드,모바일,검색,일치,삼성에어드레서,224,1,0.45,571,571,3.9,0,0
2026.10.07.,파워링크,파워링크,에어드레서_파워링크_구독_브랜드키워드,모바일,검색,일치,삼성에어드레서,199,1,0.5,484,484,3.9,0,0
2026.10.02.,파워링크,파워링크,에어드레서_파워링크_구독_브랜드키워드,모바일,검색,일치,삼성에어드레서구독,1,0,0,0,0,3,0,0
2026.10.03.,파워링크,파워링크,에어드레서_파워링크_구독_브랜드키워드,모바일,검색,일치,삼성에어드레서구독,3,0,0,0,0,3.7,0,0
2026.10.05.,파워링크,파워링크,에어드레서_파워링크_구독_브랜드키워드,모바일,검색,일치,삼성에어드레서구독,1,0,0,0,0,4,0,0
2026.10.06.,파워링크,파워링크,에어드레서_파워링크_구독_브랜드키워드,모바일,검색,일치,삼성에어드레서구독,3,0,0,0,0,3,0,0
2026.10.07.,파워링크,파워링크,에어드레서_파워링크_구독_브랜드키워드,모바일,검색,일치,삼성에어드레서구독,1,0,0,0,0,3,0,0
2026.10.04.,파워링크,파워링크,에어드레서_파워링크_구독_브랜드키워드,모바일,검색,일치,삼성에어드레서렌탈,1,0,0,0,0,3,0,0
2026.10.05.,파워링크,파워링크,에어드레서_파워링크_구독_브랜드키워드,모바일,검색,일치(유사검색어),삼성스타일러구독,1,0,0,0,0,4,0,0
2026.10.06.,파워링크,파워링크,에어드레서_파워링크_구독_브랜드키워드,모바일,검색,일치(유사검색어),삼성에어드레서구독,1,0,0,0,0,2,0,0
2026.10.02.,파워링크,파워링크,에어드레서_파워링크_구독_브랜드키워드,모바일,검색,일치(유사검색어),삼성에어드레서렌탈,2,0,0,0,0,1.5,0,0
2026.10.04.,파워링크,파워링크,에어드레서_파워링크_구독_브랜드키워드,모바일,검색,일치(유사검색어),삼성에어드레서렌탈,1,0,0,0,0,3,0,0
2026.10.01.,파워링크,파워링크,에어드레서_파워링크_구독_브랜드키워드,모바일,검색,확장,-,40,0,0,0,0,1.8,0,0
2026.10.02.,파워링크,파워링크,에어드레서_파워링크_구독_브랜드키워드,모바일,검색,확장,-,129,0,0,0,0,1.7,0,0
2026.10.03.,파워링크,파워링크,에어드레서_파워링크_구독_브랜드키워드,모바일,검색,확장,-,91,2,2.2,382,765,1.5,0,0
2026.10.04.,파워링크,파워링크,에어드레서_파워링크_구독_브랜드키워드,모바일,검색,확장,-,97,0,0,0,0,2,0,0
2026.10.05.,파워링크,파워링크,에어드레서_파워링크_구독_브랜드키워드,모바일,검색,확장,-,142,0,0,0,0,2.1,0,0
2026.10.06.,파워링크,파워링크,에어드레서_파워링크_구독_브랜드키워드,모바일,검색,확장,-,101,5,4.95,659,3296,1.8,0,0
2026.10.07.,파워링크,파워링크,에어드레서_파워링크_구독_브랜드키워드,모바일,검색,확장,-,72,0,0,0,0,2.3,0,0
